timestamp,run_id,agent_id,ladder,run,status,error,traceback,logs,project_directory,commit_url
2024-10-15 18:56:24,bd0c6cc4-260f-4a81-bbb8-e9e470e97414,OneShotView,creature_battler_02,1,failure,section player not found,"Traceback (most recent call last):
  File ""/Users/andrewvolter/Desktop/volter-monorepo/packages/lib-volter-mge2/mge_bench/bench_utils.py"", line 92, in execute_agent
    asyncio.run(agent.execute())
  File ""/Library/Frameworks/Python.framework/Versions/3.11/lib/python3.11/asyncio/runners.py"", line 190, in run
    return runner.run(main)
           ^^^^^^^^^^^^^^^^
  File ""/Library/Frameworks/Python.framework/Versions/3.11/lib/python3.11/asyncio/runners.py"", line 118, in run
    return self._loop.run_until_complete(task)
           ^^^^^^^^^^^^^^^^^^^^^^^^^^^^^^^^^^^
  File ""/Library/Frameworks/Python.framework/Versions/3.11/lib/python3.11/asyncio/base_events.py"", line 654, in run_until_complete
    return future.result()
           ^^^^^^^^^^^^^^^
  File ""/Users/andrewvolter/Desktop/volter-monorepo/packages/lib-volter-mge2/mge_agents/internal/one_shot_gen/one_shot_view.py"", line 60, in execute
    await self.sdk.execute_as_task(ViewComponentAuthor)
  File ""/Users/andrewvolter/Desktop/volter-monorepo/packages/volter-common/common/sdk/SDK.py"", line 274, in execute_as_task
    response = await agent.execute()
               ^^^^^^^^^^^^^^^^^^^^^
  File ""/Users/andrewvolter/Desktop/volter-monorepo/packages/lib-volter-mge2/mge_agents/internal/view/view_component_author.py"", line 39, in execute
    result = await self._exec()
             ^^^^^^^^^^^^^^^^^^
  File ""/Users/andrewvolter/Desktop/volter-monorepo/packages/lib-volter-mge2/mge_agents/internal/view/view_component_author.py"", line 72, in _exec
    entity_description = await hydrate_prompt_template(self.sdk, entity_components_doc.get_section(entity,
                                                                 ^^^^^^^^^^^^^^^^^^^^^^^^^^^^^^^^^^^^^^^^^
  File ""/Users/andrewvolter/Desktop/volter-monorepo/packages/volter-common/common/utils/code_analysis.py"", line 513, in get_section
    raise FileNotFoundError(f""section {def_name} not found"")
FileNotFoundError: section player not found
",['new_prompt_logs/999694_655108_OneShotView'],ladder/creature_battler_02_1/main_game,https://github.com/volter-ai/volter-monorepo/blob/fc432f1634515285e797dbad393a5130f53dc706/packages/lib-volter-mge2/mge_agents/internal/one_shot_gen/one_shot_view.py
2024-10-15 18:56:24,6d33c728-946b-4a5e-ad7f-4456d9578e32,OneShotView,creature_battler_03,1,failure,section player not found,"Traceback (most recent call last):
  File ""/Users/andrewvolter/Desktop/volter-monorepo/packages/lib-volter-mge2/mge_bench/bench_utils.py"", line 92, in execute_agent
    asyncio.run(agent.execute())
  File ""/Library/Frameworks/Python.framework/Versions/3.11/lib/python3.11/asyncio/runners.py"", line 190, in run
    return runner.run(main)
           ^^^^^^^^^^^^^^^^
  File ""/Library/Frameworks/Python.framework/Versions/3.11/lib/python3.11/asyncio/runners.py"", line 118, in run
    return self._loop.run_until_complete(task)
           ^^^^^^^^^^^^^^^^^^^^^^^^^^^^^^^^^^^
  File ""/Library/Frameworks/Python.framework/Versions/3.11/lib/python3.11/asyncio/base_events.py"", line 654, in run_until_complete
    return future.result()
           ^^^^^^^^^^^^^^^
  File ""/Users/andrewvolter/Desktop/volter-monorepo/packages/lib-volter-mge2/mge_agents/internal/one_shot_gen/one_shot_view.py"", line 60, in execute
    await self.sdk.execute_as_task(ViewComponentAuthor)
  File ""/Users/andrewvolter/Desktop/volter-monorepo/packages/volter-common/common/sdk/SDK.py"", line 274, in execute_as_task
    response = await agent.execute()
               ^^^^^^^^^^^^^^^^^^^^^
  File ""/Users/andrewvolter/Desktop/volter-monorepo/packages/lib-volter-mge2/mge_agents/internal/view/view_component_author.py"", line 39, in execute
    result = await self._exec()
             ^^^^^^^^^^^^^^^^^^
  File ""/Users/andrewvolter/Desktop/volter-monorepo/packages/lib-volter-mge2/mge_agents/internal/view/view_component_author.py"", line 72, in _exec
    entity_description = await hydrate_prompt_template(self.sdk, entity_components_doc.get_section(entity,
                                                                 ^^^^^^^^^^^^^^^^^^^^^^^^^^^^^^^^^^^^^^^^^
  File ""/Users/andrewvolter/Desktop/volter-monorepo/packages/volter-common/common/utils/code_analysis.py"", line 513, in get_section
    raise FileNotFoundError(f""section {def_name} not found"")
FileNotFoundError: section player not found
",['new_prompt_logs/999693_360440_OneShotView'],ladder/creature_battler_03_1/main_game,https://github.com/volter-ai/volter-monorepo/blob/fc432f1634515285e797dbad393a5130f53dc706/packages/lib-volter-mge2/mge_agents/internal/one_shot_gen/one_shot_view.py
2024-10-15 18:56:24,52bca3fd-4479-42fd-91bc-0adadbf56ca7,OneShotView,creature_battler_01,1,failure,section player not found,"Traceback (most recent call last):
  File ""/Users/andrewvolter/Desktop/volter-monorepo/packages/lib-volter-mge2/mge_bench/bench_utils.py"", line 92, in execute_agent
    asyncio.run(agent.execute())
  File ""/Library/Frameworks/Python.framework/Versions/3.11/lib/python3.11/asyncio/runners.py"", line 190, in run
    return runner.run(main)
           ^^^^^^^^^^^^^^^^
  File ""/Library/Frameworks/Python.framework/Versions/3.11/lib/python3.11/asyncio/runners.py"", line 118, in run
    return self._loop.run_until_complete(task)
           ^^^^^^^^^^^^^^^^^^^^^^^^^^^^^^^^^^^
  File ""/Library/Frameworks/Python.framework/Versions/3.11/lib/python3.11/asyncio/base_events.py"", line 654, in run_until_complete
    return future.result()
           ^^^^^^^^^^^^^^^
  File ""/Users/andrewvolter/Desktop/volter-monorepo/packages/lib-volter-mge2/mge_agents/internal/one_shot_gen/one_shot_view.py"", line 60, in execute
    await self.sdk.execute_as_task(ViewComponentAuthor)
  File ""/Users/andrewvolter/Desktop/volter-monorepo/packages/volter-common/common/sdk/SDK.py"", line 274, in execute_as_task
    response = await agent.execute()
               ^^^^^^^^^^^^^^^^^^^^^
  File ""/Users/andrewvolter/Desktop/volter-monorepo/packages/lib-volter-mge2/mge_agents/internal/view/view_component_author.py"", line 39, in execute
    result = await self._exec()
             ^^^^^^^^^^^^^^^^^^
  File ""/Users/andrewvolter/Desktop/volter-monorepo/packages/lib-volter-mge2/mge_agents/internal/view/view_component_author.py"", line 72, in _exec
    entity_description = await hydrate_prompt_template(self.sdk, entity_components_doc.get_section(entity,
                                                                 ^^^^^^^^^^^^^^^^^^^^^^^^^^^^^^^^^^^^^^^^^
  File ""/Users/andrewvolter/Desktop/volter-monorepo/packages/volter-common/common/utils/code_analysis.py"", line 513, in get_section
    raise FileNotFoundError(f""section {def_name} not found"")
FileNotFoundError: section player not found
",['new_prompt_logs/999692_394658_OneShotView'],ladder/creature_battler_01_1/main_game,https://github.com/volter-ai/volter-monorepo/blob/fc432f1634515285e797dbad393a5130f53dc706/packages/lib-volter-mge2/mge_agents/internal/one_shot_gen/one_shot_view.py
2024-10-15 18:56:24,5e02d560-fe00-488a-a119-3b88933527c3,OneShotView,creature_battler_05,1,failure,section player not found,"Traceback (most recent call last):
  File ""/Users/andrewvolter/Desktop/volter-monorepo/packages/lib-volter-mge2/mge_bench/bench_utils.py"", line 92, in execute_agent
    asyncio.run(agent.execute())
  File ""/Library/Frameworks/Python.framework/Versions/3.11/lib/python3.11/asyncio/runners.py"", line 190, in run
    return runner.run(main)
           ^^^^^^^^^^^^^^^^
  File ""/Library/Frameworks/Python.framework/Versions/3.11/lib/python3.11/asyncio/runners.py"", line 118, in run
    return self._loop.run_until_complete(task)
           ^^^^^^^^^^^^^^^^^^^^^^^^^^^^^^^^^^^
  File ""/Library/Frameworks/Python.framework/Versions/3.11/lib/python3.11/asyncio/base_events.py"", line 654, in run_until_complete
    return future.result()
           ^^^^^^^^^^^^^^^
  File ""/Users/andrewvolter/Desktop/volter-monorepo/packages/lib-volter-mge2/mge_agents/internal/one_shot_gen/one_shot_view.py"", line 60, in execute
    await self.sdk.execute_as_task(ViewComponentAuthor)
  File ""/Users/andrewvolter/Desktop/volter-monorepo/packages/volter-common/common/sdk/SDK.py"", line 274, in execute_as_task
    response = await agent.execute()
               ^^^^^^^^^^^^^^^^^^^^^
  File ""/Users/andrewvolter/Desktop/volter-monorepo/packages/lib-volter-mge2/mge_agents/internal/view/view_component_author.py"", line 39, in execute
    result = await self._exec()
             ^^^^^^^^^^^^^^^^^^
  File ""/Users/andrewvolter/Desktop/volter-monorepo/packages/lib-volter-mge2/mge_agents/internal/view/view_component_author.py"", line 72, in _exec
    entity_description = await hydrate_prompt_template(self.sdk, entity_components_doc.get_section(entity,
                                                                 ^^^^^^^^^^^^^^^^^^^^^^^^^^^^^^^^^^^^^^^^^
  File ""/Users/andrewvolter/Desktop/volter-monorepo/packages/volter-common/common/utils/code_analysis.py"", line 513, in get_section
    raise FileNotFoundError(f""section {def_name} not found"")
FileNotFoundError: section player not found
",['new_prompt_logs/999692_206471_OneShotView'],ladder/creature_battler_05_1/main_game,https://github.com/volter-ai/volter-monorepo/blob/fc432f1634515285e797dbad393a5130f53dc706/packages/lib-volter-mge2/mge_agents/internal/one_shot_gen/one_shot_view.py
2024-10-15 18:56:24,876260a3-a33c-437e-9f1d-b459332a1301,OneShotView,creature_battler_04,1,failure,section player not found,"Traceback (most recent call last):
  File ""/Users/andrewvolter/Desktop/volter-monorepo/packages/lib-volter-mge2/mge_bench/bench_utils.py"", line 92, in execute_agent
    asyncio.run(agent.execute())
  File ""/Library/Frameworks/Python.framework/Versions/3.11/lib/python3.11/asyncio/runners.py"", line 190, in run
    return runner.run(main)
           ^^^^^^^^^^^^^^^^
  File ""/Library/Frameworks/Python.framework/Versions/3.11/lib/python3.11/asyncio/runners.py"", line 118, in run
    return self._loop.run_until_complete(task)
           ^^^^^^^^^^^^^^^^^^^^^^^^^^^^^^^^^^^
  File ""/Library/Frameworks/Python.framework/Versions/3.11/lib/python3.11/asyncio/base_events.py"", line 654, in run_until_complete
    return future.result()
           ^^^^^^^^^^^^^^^
  File ""/Users/andrewvolter/Desktop/volter-monorepo/packages/lib-volter-mge2/mge_agents/internal/one_shot_gen/one_shot_view.py"", line 60, in execute
    await self.sdk.execute_as_task(ViewComponentAuthor)
  File ""/Users/andrewvolter/Desktop/volter-monorepo/packages/volter-common/common/sdk/SDK.py"", line 274, in execute_as_task
    response = await agent.execute()
               ^^^^^^^^^^^^^^^^^^^^^
  File ""/Users/andrewvolter/Desktop/volter-monorepo/packages/lib-volter-mge2/mge_agents/internal/view/view_component_author.py"", line 39, in execute
    result = await self._exec()
             ^^^^^^^^^^^^^^^^^^
  File ""/Users/andrewvolter/Desktop/volter-monorepo/packages/lib-volter-mge2/mge_agents/internal/view/view_component_author.py"", line 72, in _exec
    entity_description = await hydrate_prompt_template(self.sdk, entity_components_doc.get_section(entity,
                                                                 ^^^^^^^^^^^^^^^^^^^^^^^^^^^^^^^^^^^^^^^^^
  File ""/Users/andrewvolter/Desktop/volter-monorepo/packages/volter-common/common/utils/code_analysis.py"", line 513, in get_section
    raise FileNotFoundError(f""section {def_name} not found"")
FileNotFoundError: section player not found
",['new_prompt_logs/999692_473878_OneShotView'],ladder/creature_battler_04_1/main_game,https://github.com/volter-ai/volter-monorepo/blob/fc432f1634515285e797dbad393a5130f53dc706/packages/lib-volter-mge2/mge_agents/internal/one_shot_gen/one_shot_view.py
