timestamp,run_id,agent_id,ladder,run,status,error,traceback,one_shot_core_status,one_shot_core_error,one_shot_core_traceback,one_shot_view_status,one_shot_view_error,one_shot_view_traceback,logs,project_directory,commit_url,project_type
2024-10-18 01:22:53,3832268c-3b2b-4e17-bdf4-783ab559b1ca,OneShotCoreAgent_OneShotView,creature_battler_01,1,failure,"
$ tsc; vite build;
[31mx[39m Build failed in 3.02s
[31merror during build:
[31mCould not resolve ""./modules"" from ""src/pages/generated/loader.tsx""[31m
file: [36m/home/runner/work/volter-monorepo/volter-monorepo/volter-monorepo/packages/game-ui/src/pages/generated/loader.tsx[31m
    at getRollupError (file:///home/runner/work/volter-monorepo/volter-monorepo/volter-monorepo/packages/game-ui/node_modules/rollup/dist/es/shared/parseAst.js:395:41)
    at error (file:///home/runner/work/volter-monorepo/volter-monorepo/volter-monorepo/packages/game-ui/node_modules/rollup/dist/es/shared/parseAst.js:391:42)
    at ModuleLoader.handleInvalidResolvedId (file:///home/runner/work/volter-monorepo/volter-monorepo/volter-monorepo/packages/game-ui/node_modules/rollup/dist/es/shared/node-entry.js:20006:24)
    at file:///home/runner/work/volter-monorepo/volter-monorepo/volter-monorepo/packages/game-ui/node_modules/rollup/dist/es/shared/node-entry.js:19966:26[39m
error: script ""build"" exited with code 1
","
Traceback (most recent call last):
  File ""/home/runner/work/volter-monorepo/volter-monorepo/volter-monorepo/packages/lib-volter-mge2/mge_bench/bench_utils.py"", line 95, in execute_agent
    asyncio.run(agent.execute())
  File ""/opt/hostedtoolcache/Python/3.11.10/x64/lib/python3.11/asyncio/runners.py"", line 190, in run
    return runner.run(main)
           ^^^^^^^^^^^^^^^^
  File ""/opt/hostedtoolcache/Python/3.11.10/x64/lib/python3.11/asyncio/runners.py"", line 118, in run
    return self._loop.run_until_complete(task)
           ^^^^^^^^^^^^^^^^^^^^^^^^^^^^^^^^^^^
  File ""/opt/hostedtoolcache/Python/3.11.10/x64/lib/python3.11/asyncio/base_events.py"", line 654, in run_until_complete
    return future.result()
           ^^^^^^^^^^^^^^^
  File ""/home/runner/work/volter-monorepo/volter-monorepo/volter-monorepo/packages/lib-volter-mge2/mge_agents/internal/one_shot_gen/one_shot_view.py"", line 63, in execute
    await self.sdk.execute_as_task(ViewComponentAuthor)
  File ""/home/runner/work/volter-monorepo/volter-monorepo/volter-monorepo/packages/volter-common/common/sdk/SDK.py"", line 274, in execute_as_task
    response = await agent.execute()
               ^^^^^^^^^^^^^^^^^^^^^
  File ""/home/runner/work/volter-monorepo/volter-monorepo/volter-monorepo/packages/lib-volter-mge2/mge_agents/internal/view/view_component_author.py"", line 42, in execute
    result = await self._exec()
             ^^^^^^^^^^^^^^^^^^
  File ""/home/runner/work/volter-monorepo/volter-monorepo/volter-monorepo/packages/lib-volter-mge2/mge_agents/internal/view/view_component_author.py"", line 147, in _exec
    await build_ui(project_structure, sdk=self.sdk)
  File ""/home/runner/work/volter-monorepo/volter-monorepo/volter-monorepo/packages/lib-volter-mge2/mge_structure/mge_utils.py"", line 88, in build_ui
    await sdk.execute_as_task(BuildAgent, dest_path=dest_path)
  File ""/home/runner/work/volter-monorepo/volter-monorepo/volter-monorepo/packages/volter-common/common/sdk/SDK.py"", line 274, in execute_as_task
    response = await agent.execute()
               ^^^^^^^^^^^^^^^^^^^^^
  File ""/home/runner/work/volter-monorepo/volter-monorepo/volter-monorepo/packages/lib-volter-mge2/mge_structure/mge_utils.py"", line 77, in execute
    build_ui_wrapped(self.sdk.project_structure, self.dest_path)
  File ""/home/runner/work/volter-monorepo/volter-monorepo/volter-monorepo/packages/lib-volter-mge2/mge_structure/mge_utils.py"", line 169, in build_ui_wrapped
    raise FixableException(result.stderr)
common.exceptions.FixableException: $ tsc; vite build;
[31mx[39m Build failed in 3.02s
[31merror during build:
[31mCould not resolve ""./modules"" from ""src/pages/generated/loader.tsx""[31m
file: [36m/home/runner/work/volter-monorepo/volter-monorepo/volter-monorepo/packages/game-ui/src/pages/generated/loader.tsx[31m
    at getRollupError (file:///home/runner/work/volter-monorepo/volter-monorepo/volter-monorepo/packages/game-ui/node_modules/rollup/dist/es/shared/parseAst.js:395:41)
    at error (file:///home/runner/work/volter-monorepo/volter-monorepo/volter-monorepo/packages/game-ui/node_modules/rollup/dist/es/shared/parseAst.js:391:42)
    at ModuleLoader.handleInvalidResolvedId (file:///home/runner/work/volter-monorepo/volter-monorepo/volter-monorepo/packages/game-ui/node_modules/rollup/dist/es/shared/node-entry.js:20006:24)
    at file:///home/runner/work/volter-monorepo/volter-monorepo/volter-monorepo/packages/game-ui/node_modules/rollup/dist/es/shared/node-entry.js:19966:26[39m
error: script ""build"" exited with code 1

",success,,,failure,"$ tsc; vite build;
[31mx[39m Build failed in 3.02s
[31merror during build:
[31mCould not resolve ""./modules"" from ""src/pages/generated/loader.tsx""[31m
file: [36m/home/runner/work/volter-monorepo/volter-monorepo/volter-monorepo/packages/game-ui/src/pages/generated/loader.tsx[31m
    at getRollupError (file:///home/runner/work/volter-monorepo/volter-monorepo/volter-monorepo/packages/game-ui/node_modules/rollup/dist/es/shared/parseAst.js:395:41)
    at error (file:///home/runner/work/volter-monorepo/volter-monorepo/volter-monorepo/packages/game-ui/node_modules/rollup/dist/es/shared/parseAst.js:391:42)
    at ModuleLoader.handleInvalidResolvedId (file:///home/runner/work/volter-monorepo/volter-monorepo/volter-monorepo/packages/game-ui/node_modules/rollup/dist/es/shared/node-entry.js:20006:24)
    at file:///home/runner/work/volter-monorepo/volter-monorepo/volter-monorepo/packages/game-ui/node_modules/rollup/dist/es/shared/node-entry.js:19966:26[39m
error: script ""build"" exited with code 1
","Traceback (most recent call last):
  File ""/home/runner/work/volter-monorepo/volter-monorepo/volter-monorepo/packages/lib-volter-mge2/mge_bench/bench_utils.py"", line 95, in execute_agent
    asyncio.run(agent.execute())
  File ""/opt/hostedtoolcache/Python/3.11.10/x64/lib/python3.11/asyncio/runners.py"", line 190, in run
    return runner.run(main)
           ^^^^^^^^^^^^^^^^
  File ""/opt/hostedtoolcache/Python/3.11.10/x64/lib/python3.11/asyncio/runners.py"", line 118, in run
    return self._loop.run_until_complete(task)
           ^^^^^^^^^^^^^^^^^^^^^^^^^^^^^^^^^^^
  File ""/opt/hostedtoolcache/Python/3.11.10/x64/lib/python3.11/asyncio/base_events.py"", line 654, in run_until_complete
    return future.result()
           ^^^^^^^^^^^^^^^
  File ""/home/runner/work/volter-monorepo/volter-monorepo/volter-monorepo/packages/lib-volter-mge2/mge_agents/internal/one_shot_gen/one_shot_view.py"", line 63, in execute
    await self.sdk.execute_as_task(ViewComponentAuthor)
  File ""/home/runner/work/volter-monorepo/volter-monorepo/volter-monorepo/packages/volter-common/common/sdk/SDK.py"", line 274, in execute_as_task
    response = await agent.execute()
               ^^^^^^^^^^^^^^^^^^^^^
  File ""/home/runner/work/volter-monorepo/volter-monorepo/volter-monorepo/packages/lib-volter-mge2/mge_agents/internal/view/view_component_author.py"", line 42, in execute
    result = await self._exec()
             ^^^^^^^^^^^^^^^^^^
  File ""/home/runner/work/volter-monorepo/volter-monorepo/volter-monorepo/packages/lib-volter-mge2/mge_agents/internal/view/view_component_author.py"", line 147, in _exec
    await build_ui(project_structure, sdk=self.sdk)
  File ""/home/runner/work/volter-monorepo/volter-monorepo/volter-monorepo/packages/lib-volter-mge2/mge_structure/mge_utils.py"", line 88, in build_ui
    await sdk.execute_as_task(BuildAgent, dest_path=dest_path)
  File ""/home/runner/work/volter-monorepo/volter-monorepo/volter-monorepo/packages/volter-common/common/sdk/SDK.py"", line 274, in execute_as_task
    response = await agent.execute()
               ^^^^^^^^^^^^^^^^^^^^^
  File ""/home/runner/work/volter-monorepo/volter-monorepo/volter-monorepo/packages/lib-volter-mge2/mge_structure/mge_utils.py"", line 77, in execute
    build_ui_wrapped(self.sdk.project_structure, self.dest_path)
  File ""/home/runner/work/volter-monorepo/volter-monorepo/volter-monorepo/packages/lib-volter-mge2/mge_structure/mge_utils.py"", line 169, in build_ui_wrapped
    raise FixableException(result.stderr)
common.exceptions.FixableException: $ tsc; vite build;
[31mx[39m Build failed in 3.02s
[31merror during build:
[31mCould not resolve ""./modules"" from ""src/pages/generated/loader.tsx""[31m
file: [36m/home/runner/work/volter-monorepo/volter-monorepo/volter-monorepo/packages/game-ui/src/pages/generated/loader.tsx[31m
    at getRollupError (file:///home/runner/work/volter-monorepo/volter-monorepo/volter-monorepo/packages/game-ui/node_modules/rollup/dist/es/shared/parseAst.js:395:41)
    at error (file:///home/runner/work/volter-monorepo/volter-monorepo/volter-monorepo/packages/game-ui/node_modules/rollup/dist/es/shared/parseAst.js:391:42)
    at ModuleLoader.handleInvalidResolvedId (file:///home/runner/work/volter-monorepo/volter-monorepo/volter-monorepo/packages/game-ui/node_modules/rollup/dist/es/shared/node-entry.js:20006:24)
    at file:///home/runner/work/volter-monorepo/volter-monorepo/volter-monorepo/packages/game-ui/node_modules/rollup/dist/es/shared/node-entry.js:19966:26[39m
error: script ""build"" exited with code 1

","['new_prompt_logs/999999_609027_OneShotCoreAgent', 'new_prompt_logs/999998_266183_OneShotView']",ladder/creature_battler_01_1/main_game,https://github.com/volter-ai/volter-monorepo/blob/87a2651d4e3265f4d28923231fa5ac5a4aeaa2c2/packages/lib-volter-mge2/mge_agents/internal/one_shot_gen/one_shot_view.py,mge2_game
