timestamp,run_id,agent_id,ladder,run,one_shot_core_status,one_shot_core_error,one_shot_core_traceback,one_shot_view_status,one_shot_view_error,one_shot_view_traceback,logs,project_directory,commit_url
2024-10-16 10:44:53,bf12afbe-5279-4343-aa47-0a27a74393aa,<class 'mge_agents.internal.one_shot_gen.one_shot_core.OneShotCoreAgent'>_<class 'mge_agents.internal.one_shot_gen.one_shot_view.OneShotView'>,creature_battler_01,1,success,,,failure,exception causes must derive from BaseException,"Traceback (most recent call last):
  File ""/Users/andrewvolter/Desktop/volter-monorepo/packages/lib-volter-mge2/mge_agents/internal/view/view_qa.py"", line 176, in _run
    assert not data.get('errors'), f""Errors found {data.get('errors')}""
           ^^^^^^^^^^^^^^^^^^^^^^
AssertionError: Errors found [{'errorMessage': 'Timeout after 120s'}]

During handling of the above exception, another exception occurred:

Traceback (most recent call last):
  File ""/Users/andrewvolter/Desktop/volter-monorepo/packages/lib-volter-mge2/mge_agents/internal/view/view_qa.py"", line 77, in execute
    await self._run()
  File ""/Users/andrewvolter/Desktop/volter-monorepo/packages/lib-volter-mge2/mge_agents/internal/view/view_qa.py"", line 192, in _run
    raise wrapped_e
common.exceptions.FixableException: UI simulator appears to have failed: 
Error in main process: Error: Timeout after 120s
at Timeout._onTimeout (/Users/andrewvolter/Desktop/volter-monorepo/packages/lib-volter-mge2/mge_agents/agent_tools/ui_simulator/ui-simulator.js:357:24)
at listOnTimeout (node:internal/timers:581:17)
at process.processTimers (node:internal/timers:519:7)

During handling of the above exception, another exception occurred:

Traceback (most recent call last):
  File ""/Users/andrewvolter/Desktop/volter-monorepo/packages/lib-volter-mge2/mge_bench/bench_utils.py"", line 95, in execute_agent
    asyncio.run(agent.execute())
  File ""/Library/Frameworks/Python.framework/Versions/3.11/lib/python3.11/asyncio/runners.py"", line 190, in run
    return runner.run(main)
           ^^^^^^^^^^^^^^^^
  File ""/Library/Frameworks/Python.framework/Versions/3.11/lib/python3.11/asyncio/runners.py"", line 118, in run
    return self._loop.run_until_complete(task)
           ^^^^^^^^^^^^^^^^^^^^^^^^^^^^^^^^^^^
  File ""/Library/Frameworks/Python.framework/Versions/3.11/lib/python3.11/asyncio/base_events.py"", line 654, in run_until_complete
    return future.result()
           ^^^^^^^^^^^^^^^
  File ""/Users/andrewvolter/Desktop/volter-monorepo/packages/lib-volter-mge2/mge_agents/internal/one_shot_gen/one_shot_view.py"", line 64, in execute
    await self.sdk.execute_as_task(ViewQAAgent, run_number=7, verbose=self.verbose)
  File ""/Users/andrewvolter/Desktop/volter-monorepo/packages/volter-common/common/sdk/SDK.py"", line 274, in execute_as_task
    response = await agent.execute()
               ^^^^^^^^^^^^^^^^^^^^^
  File ""/Users/andrewvolter/Desktop/volter-monorepo/packages/lib-volter-mge2/mge_agents/internal/view/view_qa.py"", line 85, in execute
    await self.sdk.execute_as_task(ViewFixerAgent,
  File ""/Users/andrewvolter/Desktop/volter-monorepo/packages/volter-common/common/sdk/SDK.py"", line 274, in execute_as_task
    response = await agent.execute()
               ^^^^^^^^^^^^^^^^^^^^^
  File ""/Users/andrewvolter/Desktop/volter-monorepo/packages/lib-volter-mge2/mge_agents/internal/view/view_fixer.py"", line 49, in execute
    raise Exception(f""Cannot extract a fixable error from exception:"") from self.exception
TypeError: exception causes must derive from BaseException
","['new_prompt_logs/999623_707281_OneShotCoreAgent', 'new_prompt_logs/999622_220237_OneShotView']",ladder/creature_battler_01_1/main_game,https://github.com/volter-ai/volter-monorepo/blob/fc432f1634515285e797dbad393a5130f53dc706/packages/lib-volter-mge2/mge_agents/internal/one_shot_gen/one_shot_view.py
